algorithm;seed;num_scenarios;mean_assignments_selected;mean_total_match_score;mean_total_penalty;mean_total_bonus;mean_total_score;mean_cumulative_reward;mean_invalid_actions;mean_invalid_action_ratio
greedy;0;15;7.2;-1.531111111111111;1.6;72.0;68.86888888888889;68.86888888888889;0.0;0.0
dqn;1;15;7.266666666666667;-2.0244444444444443;1.4666666666666666;72.66666666666667;69.17555555555556;85.17555555555556;0.0;0.0
dqn;2;15;7.2;-1.8344444444444445;1.6;72.0;68.56555555555556;84.56555555555555;0.0;0.0
dqn;3;15;7.2;-2.0366666666666666;1.6;72.0;68.36333333333333;84.36333333333333;0.0;0.0
dqn;4;15;7.2;-2.15;1.6;72.0;68.25;84.25;0.0;0.0
dqn;5;15;7.2;-1.8711111111111112;1.6;72.0;68.52888888888889;84.52888888888889;0.0;0.0
