algorithm;seed;num_scenarios;mean_assignments_selected;mean_total_match_score;mean_total_penalty;mean_total_bonus;mean_total_score;mean_cumulative_reward;mean_invalid_actions;mean_invalid_action_ratio
greedy;0;15;7.2;-1.531111111111111;1.6;72.0;68.86888888888889;68.86888888888889;0.0;0.0
qrdqn;1;15;7.266666666666667;-1.9077777777777778;1.4666666666666666;72.66666666666667;69.29222222222222;85.29222222222222;0.0;0.0
qrdqn;2;15;7.2;-1.8777777777777778;1.6;72.0;68.52222222222223;84.52222222222223;0.0;0.0
qrdqn;3;15;7.266666666666667;-1.9977777777777779;1.4666666666666666;72.66666666666667;69.20222222222222;85.20222222222222;0.0;0.0
qrdqn;4;15;7.2;-1.7022222222222223;1.6;72.0;68.69777777777777;84.69777777777777;0.0;0.0
qrdqn;5;15;7.266666666666667;-1.971111111111111;1.4666666666666666;72.66666666666667;69.22888888888889;85.22888888888889;0.0;0.0
