scenario_id;num_materials;num_order_steps;assignments_selected;total_match_score;total_penalty;total_bonus;total_score
test_000;13;8;8;-0.8;0.0;80.0;79.2
test_001;18;8;7;-1.85;2.0;70.0;66.15
test_002;21;8;8;-1.8333333333333335;0.0;80.0;78.16666666666667
test_003;15;8;8;-1.866666666666667;0.0;80.0;78.13333333333334
test_004;15;8;8;-4.1000000000000005;0.0;80.0;75.9
